date,product,investment,leads
2021-01-01 00:00:00,Product 1,29.98415,12
2021-01-01 00:00:00,Product 2,0,0
2021-01-02 00:00:00,Product 1,562.08255,322
2021-01-02 00:00:00,Product 2,518.73155,266
2021-01-03 00:00:00,Product 1,542.7146,394
2021-01-03 00:00:00,Product 2,1406.35495,551
2021-01-04 00:00:00,Product 1,683.62885,399
2021-01-04 00:00:00,Product 2,1366.57825,549
2021-01-05 00:00:00,Product 1,731.0162,336
2021-01-05 00:00:00,Product 2,1407.48315,489
2021-01-06 00:00:00,Product 1,659.52555,278
2021-01-06 00:00:00,Product 2,1219.4746,418
2021-01-07 00:00:00,Product 1,815.9825,246
2021-01-07 00:00:00,Product 2,1680.86785,457
2021-01-08 00:00:00,Product 1,860.51145,304
2021-01-08 00:00:00,Product 2,1289.69345,397
2021-01-09 00:00:00,Product 1,765.72745,251
2021-01-09 00:00:00,Product 2,1161.33715,356
2021-01-10 00:00:00,Product 1,446.71645,147
2021-01-10 00:00:00,Product 2,1059.4504,293
2021-01-11 00:00:00,Product 1,612.08515,275
2021-01-11 00:00:00,Product 2,991.2316,343
2021-01-12 00:00:00,Product 1,579.01605,297
2021-01-12 00:00:00,Product 2,916.43125,336
2021-01-13 00:00:00,Product 1,530.96485,275
2021-01-13 00:00:00,Product 2,993.8207,322
2021-01-14 00:00:00,Product 1,857.2155,356
2021-01-14 00:00:00,Product 2,985.4983,323
2021-01-15 00:00:00,Product 1,799.45025,338
2021-01-15 00:00:00,Product 2,1120.14315,320
2021-01-16 00:00:00,Product 1,655.8241,254
2021-01-16 00:00:00,Product 2,1132.27875,271
2021-01-17 00:00:00,Product 1,693.72515,296
2021-01-17 00:00:00,Product 2,1013.9845,231
2021-01-18 00:00:00,Product 1,880.897,384
2021-01-18 00:00:00,Product 2,1016.48885,336
2021-01-19 00:00:00,Product 1,811.848,321
2021-01-19 00:00:00,Product 2,1167.3887,323
2021-01-20 00:00:00,Product 1,930.399,341
2021-01-20 00:00:00,Product 2,1282.44695,344
2021-01-21 00:00:00,Product 1,744.30915,287
2021-01-21 00:00:00,Product 2,1296.05995,337
2021-01-22 00:00:00,Product 1,458.58125,169
2021-01-22 00:00:00,Product 2,1134.96685,364
2021-01-23 00:00:00,Product 1,292.71545,120
2021-01-23 00:00:00,Product 2,1077.62205,325
2021-01-24 00:00:00,Product 1,333.38815,116
2021-01-24 00:00:00,Product 2,1031.87445,319
2021-01-25 00:00:00,Product 1,421.81855,159
2021-01-25 00:00:00,Product 2,1076.1172,412
2021-01-26 00:00:00,Product 1,215.26405,127
2021-01-26 00:00:00,Product 2,1019.4484,411
2021-01-27 00:00:00,Product 1,198.6836,82
2021-01-27 00:00:00,Product 2,913.92955,398
2021-01-28 00:00:00,Product 1,81.769,28
2021-01-28 00:00:00,Product 2,790.495,380
2021-01-29 00:00:00,Product 1,68.5926,44
2021-01-29 00:00:00,Product 2,780.3014,295
2021-01-30 00:00:00,Product 1,63.43315,27
2021-01-30 00:00:00,Product 2,510.67555,263
2021-01-31 00:00:00,Product 1,60.41425,33
2021-01-31 00:00:00,Product 2,345.03655,236
2021-02-01 00:00:00,Product 1,609.10885,341
2021-02-01 00:00:00,Product 2,168.2452,218
2021-02-02 00:00:00,Product 1,615.21155,352
2021-02-02 00:00:00,Product 2,334.24635,254
2021-02-03 00:00:00,Product 1,626.20025,348
2021-02-03 00:00:00,Product 2,464.4456,308
2021-02-04 00:00:00,Product 1,752.18865,343
2021-02-04 00:00:00,Product 2,439.78325,289
2021-02-05 00:00:00,Product 1,653.07515,277
2021-02-05 00:00:00,Product 2,558.93055,297
2021-02-06 00:00:00,Product 1,726.5205,250
2021-02-06 00:00:00,Product 2,573.7813,240
2021-02-07 00:00:00,Product 1,491.6914,212
2021-02-07 00:00:00,Product 2,504.3049,257
2021-02-08 00:00:00,Product 1,627.8925,304
2021-02-08 00:00:00,Product 2,890.56775,399
2021-02-09 00:00:00,Product 1,526.76195,283
2021-02-09 00:00:00,Product 2,803.75055,366
2021-02-10 00:00:00,Product 1,628.2579,329
2021-02-10 00:00:00,Product 2,924.67625,353
2021-02-11 00:00:00,Product 1,920.6615,420
2021-02-11 00:00:00,Product 2,877.70395,355
2021-02-12 00:00:00,Product 1,886.65255,362
2021-02-12 00:00:00,Product 2,742.11735,256
2021-02-13 00:00:00,Product 1,783.89875,271
2021-02-13 00:00:00,Product 2,670.3486,262
2021-02-14 00:00:00,Product 1,661.9832,251
2021-02-14 00:00:00,Product 2,561.77365,210
2021-02-15 00:00:00,Product 1,713.4428,365
2021-02-15 00:00:00,Product 2,529.88735,252
2021-02-16 00:00:00,Product 1,721.17845,361
2021-02-16 00:00:00,Product 2,504.56685,234
2021-02-17 00:00:00,Product 1,1052.2815,467
2021-02-17 00:00:00,Product 2,1012.4611,358
2021-02-18 00:00:00,Product 1,1154.64045,427
2021-02-18 00:00:00,Product 2,1286.8244,404
2021-02-19 00:00:00,Product 1,1091.4588,370
2021-02-19 00:00:00,Product 2,1732.16135,576
2021-02-20 00:00:00,Product 1,810.55745,314
2021-02-20 00:00:00,Product 2,1715.9277,473
2021-02-21 00:00:00,Product 1,662.2995,254
2021-02-21 00:00:00,Product 2,1710.157,492
2021-02-22 00:00:00,Product 1,774.70895,360
2021-02-22 00:00:00,Product 2,1629.13115,570
2021-02-23 00:00:00,Product 1,671.36135,354
2021-02-23 00:00:00,Product 2,1566.78875,534
2021-02-24 00:00:00,Product 1,399.97405,212
2021-02-24 00:00:00,Product 2,1464.2123,489
2021-02-25 00:00:00,Product 1,240.6946,108
2021-02-25 00:00:00,Product 2,652.7723,209
2021-02-26 00:00:00,Product 1,79.49735,42
2021-02-26 00:00:00,Product 2,112.0273,43
2021-02-27 00:00:00,Product 1,0,6
2021-02-27 00:00:00,Product 2,0,5
2021-02-28 00:00:00,Product 1,0,2
2021-02-28 00:00:00,Product 2,0,2
2021-03-01 00:00:00,Product 1,597.18685,342
2021-03-01 00:00:00,Product 2,587.68,300
2021-03-02 00:00:00,Product 1,562.44295,349
2021-03-02 00:00:00,Product 2,985.39555,507
2021-03-03 00:00:00,Product 1,629.4545,374
2021-03-03 00:00:00,Product 2,1047.04135,463
2021-03-04 00:00:00,Product 1,645.79645,298
2021-03-04 00:00:00,Product 2,998.84465,377
2021-03-05 00:00:00,Product 1,445.49845,199
2021-03-05 00:00:00,Product 2,928.6651,334
2021-03-06 00:00:00,Product 1,261.89875,126
2021-03-06 00:00:00,Product 2,891.65145,299
2021-03-07 00:00:00,Product 1,217.0816,84
2021-03-07 00:00:00,Product 2,818.13025,315
2021-03-08 00:00:00,Product 1,449.5188,238
2021-03-08 00:00:00,Product 2,890.94525,363
2021-03-09 00:00:00,Product 1,619.23965,310
2021-03-09 00:00:00,Product 2,1019.30765,383
2021-03-10 00:00:00,Product 1,479.7447,270
2021-03-10 00:00:00,Product 2,1006.40795,479
2021-03-11 00:00:00,Product 1,664.41455,324
2021-03-11 00:00:00,Product 2,1055.4223,483
2021-03-12 00:00:00,Product 1,653.83055,278
2021-03-12 00:00:00,Product 2,1013.6527,436
2021-03-13 00:00:00,Product 1,598.67645,176
2021-03-13 00:00:00,Product 2,1035.3213,325
2021-03-14 00:00:00,Product 1,614.17505,207
2021-03-14 00:00:00,Product 2,960.7927,375
2021-03-15 00:00:00,Product 1,724.4164,282
2021-03-15 00:00:00,Product 2,1020.88915,790
2021-03-16 00:00:00,Product 1,548.2824,260
2021-03-16 00:00:00,Product 2,1175.96185,631
2021-03-17 00:00:00,Product 1,503.4518,235
2021-03-17 00:00:00,Product 2,1260.69435,383
2021-03-18 00:00:00,Product 1,551.36585,246
2021-03-18 00:00:00,Product 2,1183.1729,357
2021-03-19 00:00:00,Product 1,494.5067,196
2021-03-19 00:00:00,Product 2,1107.47825,300
2021-03-20 00:00:00,Product 1,401.25495,201
2021-03-20 00:00:00,Product 2,1087.6372,316
2021-03-21 00:00:00,Product 1,412.83905,160
2021-03-21 00:00:00,Product 2,1049.27345,330
2021-03-22 00:00:00,Product 1,549.597,238
2021-03-22 00:00:00,Product 2,1450.816,531
2021-03-23 00:00:00,Product 1,636.8047,297
2021-03-23 00:00:00,Product 2,1667.06635,566
2021-03-24 00:00:00,Product 1,509.763,226
2021-03-24 00:00:00,Product 2,1616.04105,559
2021-03-25 00:00:00,Product 1,670.85225,298
2021-03-25 00:00:00,Product 2,1645.2926,543
2021-03-26 00:00:00,Product 1,502.7499,223
2021-03-26 00:00:00,Product 2,1588.5981,482
2021-03-27 00:00:00,Product 1,406.9163,178
2021-03-27 00:00:00,Product 2,1697.82565,423
2021-03-28 00:00:00,Product 1,366.62325,166
2021-03-28 00:00:00,Product 2,1601.8547,360
2021-03-29 00:00:00,Product 1,554.10415,284
2021-03-29 00:00:00,Product 2,1393.91195,415
2021-03-30 00:00:00,Product 1,528.4017,244
2021-03-30 00:00:00,Product 2,1485.2436,456
2021-03-31 00:00:00,Product 1,502.8579,239
2021-03-31 00:00:00,Product 2,1453.72895,333
2021-04-01 00:00:00,Product 1,459.12005,180
2021-04-01 00:00:00,Product 2,1456.0694,386
2021-04-02 00:00:00,Product 1,263.5837,120
2021-04-02 00:00:00,Product 2,1483.12355,394
2021-04-03 00:00:00,Product 1,325.69025,110
2021-04-03 00:00:00,Product 2,1537.48145,356
2021-04-04 00:00:00,Product 1,279.88035,100
2021-04-04 00:00:00,Product 2,1466.3219,357
2021-04-05 00:00:00,Product 1,435.21695,228
2021-04-05 00:00:00,Product 2,1491.063,546
2021-04-06 00:00:00,Product 1,505.6948,239
2021-04-06 00:00:00,Product 2,1468.50765,468
2021-04-07 00:00:00,Product 1,468.7037,210
2021-04-07 00:00:00,Product 2,1294.72565,429
2021-04-08 00:00:00,Product 1,724.33185,253
2021-04-08 00:00:00,Product 2,1210.8258,451
2021-04-09 00:00:00,Product 1,668.61695,260
2021-04-09 00:00:00,Product 2,1191.22475,466
2021-04-10 00:00:00,Product 1,451.26095,196
2021-04-10 00:00:00,Product 2,1250.6465,418
2021-04-11 00:00:00,Product 1,362.2418,130
2021-04-11 00:00:00,Product 2,1233.24785,415
2021-04-12 00:00:00,Product 1,614.7481,256
2021-04-12 00:00:00,Product 2,1237.62835,466
2021-04-13 00:00:00,Product 1,618.0004,254
2021-04-13 00:00:00,Product 2,1247.0104,489
2021-04-14 00:00:00,Product 1,723.3144,280
2021-04-14 00:00:00,Product 2,1265.11085,498
2021-04-15 00:00:00,Product 1,1052.4206,387
2021-04-15 00:00:00,Product 2,1323.0609,469
2021-04-16 00:00:00,Product 1,1398.8606,398
2021-04-16 00:00:00,Product 2,1341.71105,423
2021-04-17 00:00:00,Product 1,1191.602,327
2021-04-17 00:00:00,Product 2,1462.14405,465
2021-04-18 00:00:00,Product 1,1218.5296,297
2021-04-18 00:00:00,Product 2,1400.25195,433
2021-04-19 00:00:00,Product 1,889.91035,315
2021-04-19 00:00:00,Product 2,1404.13475,544
2021-04-20 00:00:00,Product 1,937.05305,296
2021-04-20 00:00:00,Product 2,1279.43745,530
2021-04-21 00:00:00,Product 1,832.4101,275
2021-04-21 00:00:00,Product 2,1037.3043,493
2021-04-22 00:00:00,Product 1,817.9578,156
2021-04-22 00:00:00,Product 2,1070.1773,377
2021-04-23 00:00:00,Product 1,759.12295,121
2021-04-23 00:00:00,Product 2,1055.0511,412
2021-04-24 00:00:00,Product 1,689.0969,184
2021-04-24 00:00:00,Product 2,1100.5036,369
2021-04-25 00:00:00,Product 1,652.3153,148
2021-04-25 00:00:00,Product 2,1014.56035,370
2021-04-26 00:00:00,Product 1,833.696,271
2021-04-26 00:00:00,Product 2,1062.5034,465
2021-04-27 00:00:00,Product 1,875.9063,269
2021-04-27 00:00:00,Product 2,1071.9804,441
2021-04-28 00:00:00,Product 1,838.8327,255
2021-04-28 00:00:00,Product 2,1048.25955,390
2021-04-29 00:00:00,Product 1,990.8456,323
2021-04-29 00:00:00,Product 2,1076.0899,509
2021-04-30 00:00:00,Product 1,958.26835,22
2021-04-30 00:00:00,Product 2,772.75535,382
2021-05-01 00:00:00,Product 1,770.84925,217
2021-05-01 00:00:00,Product 2,910.83035,391
2021-05-02 00:00:00,Product 1,716.73395,215
2021-05-02 00:00:00,Product 2,884.2686,407
2021-05-03 00:00:00,Product 1,593.09705,294
2021-05-03 00:00:00,Product 2,1208.1735,492
2021-05-04 00:00:00,Product 1,128.3986,125
2021-05-04 00:00:00,Product 2,1148.69905,520
2021-05-05 00:00:00,Product 1,70.3682,83
2021-05-05 00:00:00,Product 2,1185.81825,479
2021-05-06 00:00:00,Product 1,131.37635,91
2021-05-06 00:00:00,Product 2,1167.90225,429
2021-05-07 00:00:00,Product 1,936.29485,179
2021-05-07 00:00:00,Product 2,1166.37945,356
2021-05-08 00:00:00,Product 1,1258.6425,249
2021-05-08 00:00:00,Product 2,1204.09085,337
2021-05-09 00:00:00,Product 1,1293.49245,167
2021-05-09 00:00:00,Product 2,1154.2259,348
2021-05-10 00:00:00,Product 1,1345.60465,235
2021-05-10 00:00:00,Product 2,1024.3765,595
2021-05-11 00:00:00,Product 1,1259.20605,307
2021-05-11 00:00:00,Product 2,841.06455,536
2021-05-12 00:00:00,Product 1,1369.87085,309
2021-05-12 00:00:00,Product 2,892.26235,444
2021-05-13 00:00:00,Product 1,884.88635,200
2021-05-13 00:00:00,Product 2,1027.1754,418
2021-05-14 00:00:00,Product 1,1237.69535,256
2021-05-14 00:00:00,Product 2,1043.0436,324
2021-05-15 00:00:00,Product 1,843.42195,184
2021-05-15 00:00:00,Product 2,1088.4221,237
2021-05-16 00:00:00,Product 1,754.39385,174
2021-05-16 00:00:00,Product 2,1034.5545,266
2021-05-17 00:00:00,Product 1,1122.4173,314
2021-05-17 00:00:00,Product 2,1094.5231,401
2021-05-18 00:00:00,Product 1,998.9219,267
2021-05-18 00:00:00,Product 2,1075.0047,418
2021-05-19 00:00:00,Product 1,1017.0483,314
2021-05-19 00:00:00,Product 2,1094.8163,426
2021-05-20 00:00:00,Product 1,1159.5339,355
2021-05-20 00:00:00,Product 2,1153.0166,362
2021-05-21 00:00:00,Product 1,1142.66295,396
2021-05-21 00:00:00,Product 2,1180.14165,387
2021-05-22 00:00:00,Product 1,892.75905,418
2021-05-22 00:00:00,Product 2,1265.3243,459
2021-05-23 00:00:00,Product 1,987.0681,375
2021-05-23 00:00:00,Product 2,1139.1435,475
2021-05-24 00:00:00,Product 1,1060.2949,418
2021-05-24 00:00:00,Product 2,1128.6137,449
2021-05-25 00:00:00,Product 1,1069.34755,434
2021-05-25 00:00:00,Product 2,1128.3885,389
2021-05-26 00:00:00,Product 1,1271.6356,579
2021-05-26 00:00:00,Product 2,1130.8149,488
2021-05-27 00:00:00,Product 1,1354.5037,625
2021-05-27 00:00:00,Product 2,1522.6124,483
2021-05-28 00:00:00,Product 1,1320.8615,549
2021-05-28 00:00:00,Product 2,1451.0167,430
2021-05-29 00:00:00,Product 1,903.8859,271
2021-05-29 00:00:00,Product 2,1493.35845,394
2021-05-30 00:00:00,Product 1,669.73955,165
2021-05-30 00:00:00,Product 2,1154.6932,347
2021-05-31 00:00:00,Product 1,1477.8137,451
2021-05-31 00:00:00,Product 2,1009.58145,383
2021-06-01 00:00:00,Product 1,1107.59475,500
2021-06-01 00:00:00,Product 2,1083.68415,426
2021-06-02 00:00:00,Product 1,1009.79065,464
2021-06-02 00:00:00,Product 2,1038.748,388
2021-06-03 00:00:00,Product 1,1139.78105,438
2021-06-03 00:00:00,Product 2,1010.25905,348
2021-06-04 00:00:00,Product 1,1079.0239,427
2021-06-04 00:00:00,Product 2,990.3656,316
2021-06-05 00:00:00,Product 1,833.6763,311
2021-06-05 00:00:00,Product 2,1026.8243,324
2021-06-06 00:00:00,Product 1,1014.3794,331
2021-06-06 00:00:00,Product 2,944.9024,316
2021-06-07 00:00:00,Product 1,1094.83215,323
2021-06-07 00:00:00,Product 2,1050.7171,348
2021-06-08 00:00:00,Product 1,979.53045,382
2021-06-08 00:00:00,Product 2,1048.57045,320
2021-06-09 00:00:00,Product 1,906.18445,422
2021-06-09 00:00:00,Product 2,915.2041,320
2021-06-10 00:00:00,Product 1,247.1205,39
2021-06-10 00:00:00,Product 2,947.38975,371
2021-06-11 00:00:00,Product 1,1110.45255,334
2021-06-11 00:00:00,Product 2,1000.1038,302
2021-06-12 00:00:00,Product 1,872.19745,408
2021-06-12 00:00:00,Product 2,1120.44745,345
2021-06-13 00:00:00,Product 1,851.5667,313
2021-06-13 00:00:00,Product 2,1069.72195,320
2021-06-14 00:00:00,Product 1,952.626,514
2021-06-14 00:00:00,Product 2,1159.0865,406
2021-06-15 00:00:00,Product 1,656.6079,290
2021-06-15 00:00:00,Product 2,1172.1114,388
2021-06-16 00:00:00,Product 1,562.3869,174
2021-06-16 00:00:00,Product 2,1323.28715,397
2021-06-17 00:00:00,Product 1,637.0112,196
2021-06-17 00:00:00,Product 2,1294.59615,353
2021-06-18 00:00:00,Product 1,515.89845,170
2021-06-18 00:00:00,Product 2,1322.39995,274
2021-06-19 00:00:00,Product 1,653.753,164
2021-06-19 00:00:00,Product 2,1375.9519,304
2021-06-20 00:00:00,Product 1,535.23205,120
2021-06-20 00:00:00,Product 2,1300.29355,251
2021-06-21 00:00:00,Product 1,941.82605,220
2021-06-21 00:00:00,Product 2,1440.5405,384
2021-06-22 00:00:00,Product 1,1289.39125,284
2021-06-22 00:00:00,Product 2,1616.7509,488
2021-06-23 00:00:00,Product 1,1221.8725,339
2021-06-23 00:00:00,Product 2,1998.93225,705
2021-06-24 00:00:00,Product 1,1180.68325,312
2021-06-24 00:00:00,Product 2,1920.85495,648
2021-06-25 00:00:00,Product 1,1150.61895,279
2021-06-25 00:00:00,Product 2,1738.79775,417
2021-06-26 00:00:00,Product 1,816.37405,224
2021-06-26 00:00:00,Product 2,1605.5262,367
2021-06-27 00:00:00,Product 1,769.268,217
2021-06-27 00:00:00,Product 2,1565.84205,446
2021-06-28 00:00:00,Product 1,1286.14435,342
2021-06-28 00:00:00,Product 2,1728.428,475
2021-06-29 00:00:00,Product 1,1076.4038,180
2021-06-29 00:00:00,Product 2,1760.0536,378
2021-06-30 00:00:00,Product 1,913.845,261
2021-06-30 00:00:00,Product 2,1689.39605,376
2021-07-01 00:00:00,Product 1,906.19415,238
2021-07-01 00:00:00,Product 2,1773.6903,440
2021-07-02 00:00:00,Product 1,613.3127,184
2021-07-02 00:00:00,Product 2,1681.6511,367
2021-07-03 00:00:00,Product 1,536.46375,125
2021-07-03 00:00:00,Product 2,1743.658,281
2021-07-04 00:00:00,Product 1,438.2889,122
2021-07-04 00:00:00,Product 2,1733.0873,318
2021-07-05 00:00:00,Product 1,746.85655,205
2021-07-05 00:00:00,Product 2,1895.002,442
2021-07-06 00:00:00,Product 1,875.3577,250
2021-07-06 00:00:00,Product 2,1492.8942,405
2021-07-07 00:00:00,Product 1,741.43365,217
2021-07-07 00:00:00,Product 2,1083.58505,322
2021-07-08 00:00:00,Product 1,756.16415,210
2021-07-08 00:00:00,Product 2,1243.93035,287
2021-07-09 00:00:00,Product 1,473.50785,124
2021-07-09 00:00:00,Product 2,1241.6975,252
2021-07-10 00:00:00,Product 1,341.3615,83
2021-07-10 00:00:00,Product 2,1302.85885,220
2021-07-11 00:00:00,Product 1,328.93095,80
2021-07-11 00:00:00,Product 2,1206.38255,211
2021-07-12 00:00:00,Product 1,789.7765,212
2021-07-12 00:00:00,Product 2,1808.3852,472
2021-07-13 00:00:00,Product 1,778.5618,227
2021-07-13 00:00:00,Product 2,2692.5049,588
2021-07-14 00:00:00,Product 1,893.45465,256
2021-07-14 00:00:00,Product 2,3165.621,517
2021-07-15 00:00:00,Product 1,1036.4026,221
2021-07-15 00:00:00,Product 2,3099.43185,518
2021-07-16 00:00:00,Product 1,1242.69605,238
2021-07-16 00:00:00,Product 2,3049.8792,500
2021-07-17 00:00:00,Product 1,1139.0279,199
2021-07-17 00:00:00,Product 2,3284.0607,514
2021-07-18 00:00:00,Product 1,939.83525,155
2021-07-18 00:00:00,Product 2,3041.80305,439
2021-07-19 00:00:00,Product 1,1217.4016,264
2021-07-19 00:00:00,Product 2,3160.6425,590
2021-07-20 00:00:00,Product 1,608.19955,172
2021-07-20 00:00:00,Product 2,2879.52495,400
2021-07-21 00:00:00,Product 1,636.4126,169
2021-07-21 00:00:00,Product 2,2078.363,494
2021-07-22 00:00:00,Product 1,741.52945,191
2021-07-22 00:00:00,Product 2,1976.27625,534
2021-07-23 00:00:00,Product 1,714.4429,172
2021-07-23 00:00:00,Product 2,1758.1552,398
2021-07-24 00:00:00,Product 1,710.88095,143
2021-07-24 00:00:00,Product 2,1782.25865,361
2021-07-25 00:00:00,Product 1,723.567,163
2021-07-25 00:00:00,Product 2,1683.36385,388
2021-07-26 00:00:00,Product 1,1089.5534,296
2021-07-26 00:00:00,Product 2,1757.7008,439
2021-07-27 00:00:00,Product 1,1006.29505,240
2021-07-27 00:00:00,Product 2,1722.2964,395
2021-07-28 00:00:00,Product 1,952.2809,245
2021-07-28 00:00:00,Product 2,1657.64835,367
2021-07-29 00:00:00,Product 1,1170.36485,228
2021-07-29 00:00:00,Product 2,1687.6741,358
2021-07-30 00:00:00,Product 1,953.5121,213
2021-07-30 00:00:00,Product 2,1702.07685,303
2021-07-31 00:00:00,Product 1,809.35025,146
2021-07-31 00:00:00,Product 2,1794.64195,287
2021-08-01 00:00:00,Product 1,731.8091,160
2021-08-01 00:00:00,Product 2,1723.95935,345
2021-08-02 00:00:00,Product 1,1137.9876,319
2021-08-02 00:00:00,Product 2,1744.21165,401
2021-08-03 00:00:00,Product 1,942.1481,284
2021-08-03 00:00:00,Product 2,1734.6802,375
2021-08-04 00:00:00,Product 1,920.44925,279
2021-08-04 00:00:00,Product 2,1743.54205,355
2021-08-05 00:00:00,Product 1,1073.8753,269
2021-08-05 00:00:00,Product 2,1738.5653,373
2021-08-06 00:00:00,Product 1,906.9571,233
2021-08-06 00:00:00,Product 2,1654.50885,309
2021-08-07 00:00:00,Product 1,723.6451,160
2021-08-07 00:00:00,Product 2,1936.8902,322
2021-08-08 00:00:00,Product 1,813.4391,212
2021-08-08 00:00:00,Product 2,1923.8618,357
2021-08-09 00:00:00,Product 1,1052.41535,255
2021-08-09 00:00:00,Product 2,1461.0701,377
2021-08-10 00:00:00,Product 1,995.41395,253
2021-08-10 00:00:00,Product 2,1369.31715,320
2021-08-11 00:00:00,Product 1,942.4266,225
2021-08-11 00:00:00,Product 2,1837.3159,418
2021-08-12 00:00:00,Product 1,886.54585,256
2021-08-12 00:00:00,Product 2,1763.1083,321
2021-08-13 00:00:00,Product 1,656.2229,213
2021-08-13 00:00:00,Product 2,1842.4176,323
2021-08-14 00:00:00,Product 1,616.8911,153
2021-08-14 00:00:00,Product 2,2045.21215,306
2021-08-15 00:00:00,Product 1,575.7925,130
2021-08-15 00:00:00,Product 2,1947.5687,269
2021-08-16 00:00:00,Product 1,920.9553,223
2021-08-16 00:00:00,Product 2,2107.08895,350
2021-08-17 00:00:00,Product 1,1082.1618,324
2021-08-17 00:00:00,Product 2,2331.39925,301
2021-08-18 00:00:00,Product 1,843.8669,252
2021-08-18 00:00:00,Product 2,2828.08095,346
2021-08-19 00:00:00,Product 1,942.19035,278
2021-08-19 00:00:00,Product 2,2525.85625,366
2021-08-20 00:00:00,Product 1,1011.42615,266
2021-08-20 00:00:00,Product 2,2888.3974,312
2021-08-21 00:00:00,Product 1,783.06545,190
2021-08-21 00:00:00,Product 2,3212.1792,359
2021-08-22 00:00:00,Product 1,762.02935,184
2021-08-22 00:00:00,Product 2,2992.5054,371
2021-08-23 00:00:00,Product 1,1189.82195,187
2021-08-23 00:00:00,Product 2,3394.0603,477
2021-08-24 00:00:00,Product 1,1147.3467,258
2021-08-24 00:00:00,Product 2,3414.63805,586
2021-08-25 00:00:00,Product 1,977.8538,271
2021-08-25 00:00:00,Product 2,3487.9509,575
2021-08-26 00:00:00,Product 1,652.51465,220
2021-08-26 00:00:00,Product 2,3349.036,589
2021-08-27 00:00:00,Product 1,833.4102,244
2021-08-27 00:00:00,Product 2,3323.54105,414
2021-08-28 00:00:00,Product 1,992.79495,236
2021-08-28 00:00:00,Product 2,3550.03195,362
2021-08-29 00:00:00,Product 1,1087.35185,262
2021-08-29 00:00:00,Product 2,3343.1237,372
2021-08-30 00:00:00,Product 1,1412.20975,352
2021-08-30 00:00:00,Product 2,3536.408,519
2021-08-31 00:00:00,Product 1,1046.2677,326
2021-08-31 00:00:00,Product 2,3353.71275,510
2021-09-01 00:00:00,Product 1,1308.9482,390
2021-09-01 00:00:00,Product 2,3381.23405,798
2021-09-02 00:00:00,Product 1,1410.10925,416
2021-09-02 00:00:00,Product 2,3263.45645,680
2021-09-03 00:00:00,Product 1,1369.6702,335
2021-09-03 00:00:00,Product 2,3144.2774,634
2021-09-04 00:00:00,Product 1,1214.0551,249
2021-09-04 00:00:00,Product 2,3380.871,588
2021-09-05 00:00:00,Product 1,1171.27065,231
2021-09-05 00:00:00,Product 2,3054.397,515
2021-09-06 00:00:00,Product 1,1489.85905,335
2021-09-06 00:00:00,Product 2,3201.33865,634
2021-09-07 00:00:00,Product 1,1357.8057,323
2021-09-07 00:00:00,Product 2,3465.45075,782
2021-09-08 00:00:00,Product 1,1442.1065,389
2021-09-08 00:00:00,Product 2,3397.32595,725
2021-09-09 00:00:00,Product 1,1421.2469,355
2021-09-09 00:00:00,Product 2,3520.4225,671
2021-09-10 00:00:00,Product 1,1430.218,359
2021-09-10 00:00:00,Product 2,3339.60975,561
2021-09-11 00:00:00,Product 1,1341.64875,281
2021-09-11 00:00:00,Product 2,3522.8149,534
2021-09-12 00:00:00,Product 1,1394.4334,293
2021-09-12 00:00:00,Product 2,3193.92575,540
2021-09-13 00:00:00,Product 1,1442.46665,403
2021-09-13 00:00:00,Product 2,3262.87775,686
2021-09-14 00:00:00,Product 1,1281.5754,312
2021-09-14 00:00:00,Product 2,3352.72505,636
2021-09-15 00:00:00,Product 1,1326.20195,343
2021-09-15 00:00:00,Product 2,3051.76005,498
2021-09-16 00:00:00,Product 1,1566.8134,330
2021-09-16 00:00:00,Product 2,3232.34135,531
2021-09-17 00:00:00,Product 1,1244.55845,286
2021-09-17 00:00:00,Product 2,2742.66815,435
2021-09-18 00:00:00,Product 1,1046.79605,227
2021-09-18 00:00:00,Product 2,2648.943,378
2021-09-19 00:00:00,Product 1,1065.6322,221
2021-09-19 00:00:00,Product 2,2500.6772,425
2021-09-20 00:00:00,Product 1,1617.32095,458
2021-09-20 00:00:00,Product 2,2683.02805,639
2021-09-21 00:00:00,Product 1,1516.28295,427
2021-09-21 00:00:00,Product 2,2632.81015,608
2021-09-22 00:00:00,Product 1,1634.4086,439
2021-09-22 00:00:00,Product 2,2724.3908,699
2021-09-23 00:00:00,Product 1,1288.9528,355
2021-09-23 00:00:00,Product 2,2723.6326,578
2021-09-24 00:00:00,Product 1,1142.95035,279
2021-09-24 00:00:00,Product 2,2539.40995,463
2021-09-25 00:00:00,Product 1,897.8115,241
2021-09-25 00:00:00,Product 2,2630.30805,352
2021-09-26 00:00:00,Product 1,858.83035,190
2021-09-26 00:00:00,Product 2,2471.1916,406
2021-09-27 00:00:00,Product 1,1229.7353,357
2021-09-27 00:00:00,Product 2,2594.8198,560
2021-09-28 00:00:00,Product 1,1213.42575,300
2021-09-28 00:00:00,Product 2,2392.2445,464
2021-09-29 00:00:00,Product 1,1064.78065,265
2021-09-29 00:00:00,Product 2,2459.07995,444
2021-09-30 00:00:00,Product 1,1292.85475,288
2021-09-30 00:00:00,Product 2,2519.9975,414
2021-10-01 00:00:00,Product 1,1121.89965,275
2021-10-01 00:00:00,Product 2,2487.9618,424
2021-10-02 00:00:00,Product 1,899.84135,248
2021-10-02 00:00:00,Product 2,2604.8139,383
2021-10-03 00:00:00,Product 1,838.32075,215
2021-10-03 00:00:00,Product 2,2478.0478,361
2021-10-04 00:00:00,Product 1,1325.9351,445
2021-10-04 00:00:00,Product 2,2278.23875,377
2021-10-05 00:00:00,Product 1,1062.9728,302
2021-10-05 00:00:00,Product 2,2525.65145,509
2021-10-06 00:00:00,Product 1,1242.14635,347
2021-10-06 00:00:00,Product 2,2466.0356,513
2021-10-07 00:00:00,Product 1,1329.4245,274
2021-10-07 00:00:00,Product 2,2519.6787,416
2021-10-08 00:00:00,Product 1,1209.64935,266
2021-10-08 00:00:00,Product 2,2580.9118,431
2021-10-09 00:00:00,Product 1,1156.2505,228
2021-10-09 00:00:00,Product 2,2620.803,406
2021-10-10 00:00:00,Product 1,1026.9138,249
2021-10-10 00:00:00,Product 2,2419.9655,353
2021-10-11 00:00:00,Product 1,1114.5435,298
2021-10-11 00:00:00,Product 2,2455.071,437
2021-10-12 00:00:00,Product 1,1185.10385,332
2021-10-12 00:00:00,Product 2,2580.3319,439
2021-10-13 00:00:00,Product 1,1132.92485,353
2021-10-13 00:00:00,Product 2,2619.72215,474
2021-10-14 00:00:00,Product 1,1167.79495,298
2021-10-14 00:00:00,Product 2,2468.51795,452
2021-10-15 00:00:00,Product 1,1287.43275,305
2021-10-15 00:00:00,Product 2,2473.18385,312
2021-10-16 00:00:00,Product 1,1040.2227,240
2021-10-16 00:00:00,Product 2,2512.34105,265
2021-10-17 00:00:00,Product 1,976.7595,191
2021-10-17 00:00:00,Product 2,2234.9216,243
2021-10-18 00:00:00,Product 1,1298.34725,296
2021-10-18 00:00:00,Product 2,2331.2733,337
2021-10-19 00:00:00,Product 1,1125.18725,323
2021-10-19 00:00:00,Product 2,2501.23845,357
2021-10-20 00:00:00,Product 1,1128.26465,319
2021-10-20 00:00:00,Product 2,2521.53325,371
2021-10-21 00:00:00,Product 1,1293.55115,317
2021-10-21 00:00:00,Product 2,2355.68165,350
2021-10-22 00:00:00,Product 1,1793.38135,419
2021-10-22 00:00:00,Product 2,1933.50285,243
2021-10-23 00:00:00,Product 1,1730.4982,382
2021-10-23 00:00:00,Product 2,1902.81405,212
2021-10-24 00:00:00,Product 1,1410.6289,298
2021-10-24 00:00:00,Product 2,1972.1552,192
2021-10-25 00:00:00,Product 1,1863.3508,450
2021-10-25 00:00:00,Product 2,2073.26955,304
2021-10-26 00:00:00,Product 1,1704.88645,453
2021-10-26 00:00:00,Product 2,2127.2881,229
2021-10-27 00:00:00,Product 1,1399.75445,326
2021-10-27 00:00:00,Product 2,2084.2434,311
2021-10-28 00:00:00,Product 1,1309.0504,309
2021-10-28 00:00:00,Product 2,2104.01175,290
2021-10-29 00:00:00,Product 1,1640.4169,371
2021-10-29 00:00:00,Product 2,2089.53725,248
2021-10-30 00:00:00,Product 1,1321.4617,286
2021-10-30 00:00:00,Product 2,2154.99445,211
2021-10-31 00:00:00,Product 1,1176.2631,229
2021-10-31 00:00:00,Product 2,2143.41205,285
2021-11-01 00:00:00,Product 1,1267.2565,303
2021-11-01 00:00:00,Product 2,2109.36435,320
2021-11-02 00:00:00,Product 1,1007.14375,232
2021-11-02 00:00:00,Product 2,2157.89565,288
2021-11-03 00:00:00,Product 1,793.33445,231
2021-11-03 00:00:00,Product 2,2140.68355,243
2021-11-04 00:00:00,Product 1,1004.3662,208
2021-11-04 00:00:00,Product 2,2070.63245,245
2021-11-05 00:00:00,Product 1,873.57725,219
2021-11-05 00:00:00,Product 2,2041.98325,215
2021-11-06 00:00:00,Product 1,689.4489,155
2021-11-06 00:00:00,Product 2,2183.71855,209
2021-11-07 00:00:00,Product 1,500.3756,116
2021-11-07 00:00:00,Product 2,2014.0658,174
2021-11-08 00:00:00,Product 1,701.79065,196
2021-11-08 00:00:00,Product 2,2211.2589,315
2021-11-09 00:00:00,Product 1,803.67585,214
2021-11-09 00:00:00,Product 2,2197.7039,278
2021-11-10 00:00:00,Product 1,790.41425,208
2021-11-10 00:00:00,Product 2,2176.38115,253
2021-11-11 00:00:00,Product 1,788.44905,146
2021-11-11 00:00:00,Product 2,2240.77425,251
2021-11-12 00:00:00,Product 1,865.7528,172
2021-11-12 00:00:00,Product 2,2166.16805,222
2021-11-13 00:00:00,Product 1,652.8018,118
2021-11-13 00:00:00,Product 2,2222.76315,177
2021-11-14 00:00:00,Product 1,533.34175,83
2021-11-14 00:00:00,Product 2,2107.22655,189
2021-11-15 00:00:00,Product 1,738.92165,178
2021-11-15 00:00:00,Product 2,1935.72335,297
2021-11-16 00:00:00,Product 1,817.306,181
2021-11-16 00:00:00,Product 2,1753.42785,341
2021-11-17 00:00:00,Product 1,1269.3091,243
2021-11-17 00:00:00,Product 2,2032.81755,421
2021-11-18 00:00:00,Product 1,2448.70925,336
2021-11-18 00:00:00,Product 2,3669.7708,414
2021-11-19 00:00:00,Product 1,2401.1167,337
2021-11-19 00:00:00,Product 2,3105.21755,439
2021-11-20 00:00:00,Product 1,1650.4791,209
2021-11-20 00:00:00,Product 2,3149.5884,351
2021-11-21 00:00:00,Product 1,1074.5073,158
2021-11-21 00:00:00,Product 2,3128.59295,366
2021-11-22 00:00:00,Product 1,1056.76195,182
2021-11-22 00:00:00,Product 2,3097.20825,431
2021-11-23 00:00:00,Product 1,1429.51395,294
2021-11-23 00:00:00,Product 2,3099.1724,455
2021-11-24 00:00:00,Product 1,1407.753,257
2021-11-24 00:00:00,Product 2,3350.87245,380
2021-11-25 00:00:00,Product 1,2250.37015,371
2021-11-25 00:00:00,Product 2,3693.89845,450
2021-11-26 00:00:00,Product 1,1874.06825,234
2021-11-26 00:00:00,Product 2,3499.8307,346
2021-11-27 00:00:00,Product 1,1343.995,176
2021-11-27 00:00:00,Product 2,3696.66765,328
2021-11-28 00:00:00,Product 1,1613.4555,217
2021-11-28 00:00:00,Product 2,3635.56295,417
2021-11-29 00:00:00,Product 1,2264.61745,327
2021-11-29 00:00:00,Product 2,3644.8149,442
2021-11-30 00:00:00,Product 1,2600.87595,329
2021-11-30 00:00:00,Product 2,3544.93495,420
2021-12-01 00:00:00,Product 1,2586.2369,384
2021-12-01 00:00:00,Product 2,3572.50935,416
2021-12-02 00:00:00,Product 1,1860.78555,293
2021-12-02 00:00:00,Product 2,3003.46955,318
2021-12-03 00:00:00,Product 1,1896.9107,288
2021-12-03 00:00:00,Product 2,3537.7613,272
2021-12-04 00:00:00,Product 1,1923.7201,291
2021-12-04 00:00:00,Product 2,3998.02565,284
2021-12-05 00:00:00,Product 1,1824.8366,247
2021-12-05 00:00:00,Product 2,3934.15435,318
2021-12-06 00:00:00,Product 1,2289.04685,340
2021-12-06 00:00:00,Product 2,3451.6705,392
2021-12-07 00:00:00,Product 1,2229.95495,289
2021-12-07 00:00:00,Product 2,3332.19375,376
2021-12-08 00:00:00,Product 1,1633.205,248
2021-12-08 00:00:00,Product 2,3435.6888,403
2021-12-09 00:00:00,Product 1,1895.40275,283
2021-12-09 00:00:00,Product 2,3312.41825,352
2021-12-10 00:00:00,Product 1,1645.31935,263
2021-12-10 00:00:00,Product 2,1577.8338,174
2021-12-11 00:00:00,Product 1,1298.59125,197
2021-12-11 00:00:00,Product 2,1348.40125,175
2021-12-12 00:00:00,Product 1,1268.59175,219
2021-12-12 00:00:00,Product 2,1399.8733,163
2021-12-13 00:00:00,Product 1,1551.98275,284
2021-12-13 00:00:00,Product 2,2479.90575,349
2021-12-14 00:00:00,Product 1,1399.4464,253
2021-12-14 00:00:00,Product 2,3255.22315,391
2021-12-15 00:00:00,Product 1,1159.8803,201
2021-12-15 00:00:00,Product 2,3238.06175,360
2021-12-16 00:00:00,Product 1,1210.56605,188
2021-12-16 00:00:00,Product 2,3164.0044,345
2021-12-17 00:00:00,Product 1,1246.76735,211
2021-12-17 00:00:00,Product 2,3148.00375,320
2021-12-18 00:00:00,Product 1,1160.27515,180
2021-12-18 00:00:00,Product 2,3316.92635,290
2021-12-19 00:00:00,Product 1,1318.85065,204
2021-12-19 00:00:00,Product 2,2971.8191,270
2021-12-20 00:00:00,Product 1,1934.2489,328
2021-12-20 00:00:00,Product 2,3137.12995,320
2021-12-21 00:00:00,Product 1,1898.5432,330
2021-12-21 00:00:00,Product 2,2965.8065,322
2021-12-22 00:00:00,Product 1,1828.56935,294
2021-12-22 00:00:00,Product 2,2961.1467,250
2021-12-23 00:00:00,Product 1,1790.7012,259
2021-12-23 00:00:00,Product 2,2815.2746,250
2021-12-24 00:00:00,Product 1,1352.47845,216
2021-12-24 00:00:00,Product 2,2626.93505,175
2021-12-25 00:00:00,Product 1,1086.0025,177
2021-12-25 00:00:00,Product 2,2382.4315,192
2021-12-26 00:00:00,Product 1,1331.43935,273
2021-12-26 00:00:00,Product 2,2186.64755,244
2021-12-27 00:00:00,Product 1,1751.7997,382
2021-12-27 00:00:00,Product 2,2451.27185,283
2021-12-28 00:00:00,Product 1,1414.4501,312
2021-12-28 00:00:00,Product 2,3085.88115,317
2021-12-29 00:00:00,Product 1,1992.1839,332
2021-12-29 00:00:00,Product 2,3304.14805,332
2021-12-30 00:00:00,Product 1,2168.83975,330
2021-12-30 00:00:00,Product 2,3285.9088,324
2021-12-31 00:00:00,Product 1,1493.2031,197
2021-12-31 00:00:00,Product 2,3067.9979,247
2022-01-01 00:00:00,Product 1,1629.18765,243
2022-01-01 00:00:00,Product 2,3481.2145,309
2022-01-02 00:00:00,Product 1,1679.22815,346
2022-01-02 00:00:00,Product 2,3472.95355,408
2022-01-03 00:00:00,Product 1,1753.88895,482
2022-01-03 00:00:00,Product 2,3756.30925,559
2022-01-04 00:00:00,Product 1,2269.1471,463
2022-01-04 00:00:00,Product 2,3768.08505,541
2022-01-05 00:00:00,Product 1,1937.5656,401
2022-01-05 00:00:00,Product 2,3100.2326,397
2022-01-06 00:00:00,Product 1,2000.48275,372
2022-01-06 00:00:00,Product 2,2599.2936,365
2022-01-07 00:00:00,Product 1,1921.8569,317
2022-01-07 00:00:00,Product 2,2279.1419,309
2022-01-08 00:00:00,Product 1,1890.34825,305
2022-01-08 00:00:00,Product 2,2316.57445,333
2022-01-09 00:00:00,Product 1,1947.50805,303
2022-01-09 00:00:00,Product 2,2198.34025,286
2022-01-10 00:00:00,Product 1,2028.355,373
2022-01-10 00:00:00,Product 2,2348.2282,363
2022-01-11 00:00:00,Product 1,1861.1399,363
2022-01-11 00:00:00,Product 2,2267.22435,313
2022-01-12 00:00:00,Product 1,2373.4718,477
2022-01-12 00:00:00,Product 2,2276.66925,351
2022-01-13 00:00:00,Product 1,3105.36535,565
2022-01-13 00:00:00,Product 2,2258.17095,312
2022-01-14 00:00:00,Product 1,2768.0463,441
2022-01-14 00:00:00,Product 2,2231.4287,295
2022-01-15 00:00:00,Product 1,2663.4582,416
2022-01-15 00:00:00,Product 2,2365.56235,291
2022-01-16 00:00:00,Product 1,2818.74345,412
2022-01-16 00:00:00,Product 2,2333.1364,325
2022-01-17 00:00:00,Product 1,3321.8368,545
2022-01-17 00:00:00,Product 2,2354.9154,406
2022-01-18 00:00:00,Product 1,3062.65385,475
2022-01-18 00:00:00,Product 2,2307.3081,392
2022-01-19 00:00:00,Product 1,2879.3485,540
2022-01-19 00:00:00,Product 2,2360.1901,382
2022-01-20 00:00:00,Product 1,2343.03695,396
2022-01-20 00:00:00,Product 2,2360.221,383
2022-01-21 00:00:00,Product 1,2380.7938,343
2022-01-21 00:00:00,Product 2,2149.16765,381
2022-01-22 00:00:00,Product 1,2260.4018,430
2022-01-22 00:00:00,Product 2,1892.5941,343
2022-01-23 00:00:00,Product 1,2079.24755,383
2022-01-23 00:00:00,Product 2,1904.34415,329
2022-01-24 00:00:00,Product 1,1234.29015,311
2022-01-24 00:00:00,Product 2,1975.3275,394
2022-01-25 00:00:00,Product 1,1181.477,299
2022-01-25 00:00:00,Product 2,2073.3038,462
2022-01-26 00:00:00,Product 1,970.2418,262
2022-01-26 00:00:00,Product 2,2106.3568,534
2022-01-27 00:00:00,Product 1,1222.5387,275
2022-01-27 00:00:00,Product 2,1950.14425,443
2022-01-28 00:00:00,Product 1,1251.83785,228
2022-01-28 00:00:00,Product 2,2008.5136,404
2022-01-29 00:00:00,Product 1,1047.5146,188
2022-01-29 00:00:00,Product 2,1940.6182,303
2022-01-30 00:00:00,Product 1,981.78475,196
2022-01-30 00:00:00,Product 2,1888.6317,393
2022-01-31 00:00:00,Product 1,1223.5994,253
2022-01-31 00:00:00,Product 2,2029.4288,445
2022-02-01 00:00:00,Product 1,1230.7585,309
2022-02-01 00:00:00,Product 2,1597.48055,420
2022-02-02 00:00:00,Product 1,2017.03085,417
2022-02-02 00:00:00,Product 2,1387.2701,368
2022-02-03 00:00:00,Product 1,2380.417,409
2022-02-03 00:00:00,Product 2,1630.14,440
2022-02-04 00:00:00,Product 1,2076.5735,295
2022-02-04 00:00:00,Product 2,1605.2998,412
2022-02-05 00:00:00,Product 1,1841.36555,261
2022-02-05 00:00:00,Product 2,1840.844,394
2022-02-06 00:00:00,Product 1,1980.95095,285
2022-02-06 00:00:00,Product 2,1774.6912,356
2022-02-07 00:00:00,Product 1,2036.47965,350
2022-02-07 00:00:00,Product 2,1812.5342,404
2022-02-08 00:00:00,Product 1,2202.5696,308
2022-02-08 00:00:00,Product 2,1799.32535,412
2022-02-09 00:00:00,Product 1,2973.9578,421
2022-02-09 00:00:00,Product 2,1740.09615,363
2022-02-10 00:00:00,Product 1,3020.7033,477
2022-02-10 00:00:00,Product 2,1825.9791,351
2022-02-11 00:00:00,Product 1,2439.8424,352
2022-02-11 00:00:00,Product 2,1810.063,310
2022-02-12 00:00:00,Product 1,2052.8486,333
2022-02-12 00:00:00,Product 2,1740.5753,274
2022-02-13 00:00:00,Product 1,1974.5197,315
2022-02-13 00:00:00,Product 2,1659.54775,251
2022-02-14 00:00:00,Product 1,2246.17455,442
2022-02-14 00:00:00,Product 2,1657.25435,309
2022-02-15 00:00:00,Product 1,2960.25085,519
2022-02-15 00:00:00,Product 2,1728.50835,363
2022-02-16 00:00:00,Product 1,4644.40035,556
2022-02-16 00:00:00,Product 2,1830.70035,418
2022-02-17 00:00:00,Product 1,3818.67495,499
2022-02-17 00:00:00,Product 2,1802.38195,405
2022-02-18 00:00:00,Product 1,3518.9057,378
2022-02-18 00:00:00,Product 2,1802.94935,377
2022-02-19 00:00:00,Product 1,3127.6586,399
2022-02-19 00:00:00,Product 2,1839.2358,365
2022-02-20 00:00:00,Product 1,3159.7521,365
2022-02-20 00:00:00,Product 2,1819.31925,388
2022-02-21 00:00:00,Product 1,3361.8158,403
2022-02-21 00:00:00,Product 2,1890.59605,439
2022-02-22 00:00:00,Product 1,3327.37825,408
2022-02-22 00:00:00,Product 2,1971.7024,436
2022-02-23 00:00:00,Product 1,3025.01175,368
2022-02-23 00:00:00,Product 2,1857.5513,399
2022-02-24 00:00:00,Product 1,2028.4093,273
2022-02-24 00:00:00,Product 2,1860.4828,368
2022-02-25 00:00:00,Product 1,1376.0892,268
2022-02-25 00:00:00,Product 2,1753.63975,304
2022-02-26 00:00:00,Product 1,944.4466,184
2022-02-26 00:00:00,Product 2,1833.3452,312
2022-02-27 00:00:00,Product 1,902.44195,143
2022-02-27 00:00:00,Product 2,1710.93065,286
2022-02-28 00:00:00,Product 1,1170.2736,256
2022-02-28 00:00:00,Product 2,1882.47095,375
